{"energy": -241520.609375, "forces": [[5.714422513847239e-06, 6.363524153130129e-05, -0.09957630932331085], [-0.011637847870588303, -0.030635066330432892, -0.10027660429477692], [0.01164437085390091, -0.03069141134619713, -0.10012465715408325], [-0.03243241086602211, 0.005227167159318924, -0.09994590282440186], [-8.436495591013227e-06, -5.6036973546724766e-05, -0.0560685358941555], [0.03239522874355316, 0.005217254627496004, -0.10006924718618393], [-0.02078082039952278, 0.025428391993045807, -0.10008522123098373], [0.02081632986664772, 0.02546823024749756, -0.09990300238132477], [3.2186685530177783e-06, 3.204066160833463e-05, -0.14461731910705566], [0.022332552820444107, 0.012715578079223633, 0.11140518635511398], [0.0006023545865900815, 0.025876667350530624, 0.07346813380718231], [-0.022298090159893036, 0.012798994779586792, 0.1114148423075676], [0.022210055962204933, -0.013355594128370285, 0.07347741723060608], [-0.022791989147663116, -0.012365294620394707, 0.07347363978624344], [0.00010699292033677921, -0.008695061318576336, 0.10735882818698883], [-7.696572720305994e-05, -0.025808503851294518, 0.11140638589859009], [-0.007696252781897783, 0.0043134428560733795, 0.10747605562210083], [0.007616076152771711, 0.004504297859966755, 0.10750111937522888], [-0.0002751764841377735, -0.0010143803665414453, 0.0038219457492232323], [0.016945060342550278, 0.00980517640709877, -0.0005030552856624126], [-0.01700420118868351, 0.009699733927845955, -0.0005458989180624485], [0.0009988290257751942, -0.00018613191787153482, 0.004333900287747383], [4.036005702801049e-05, -0.019601423293352127, -0.000702960416674614], [-0.0006604742957279086, -0.0007655188674107194, 0.00434416439384222], [0.001072301180101931, 0.0001444689987692982, 0.003855497343465686], [-0.0008362953667528927, 0.0005773457232862711, 0.0038417247124016285], [-0.00032444216776639223, 0.0009052094537764788, 0.004300307482481003], [-2.3257158318301663e-05, -0.00014913998893462121, 0.008621471002697945], [-0.001701198983937502, 0.003027999773621559, -0.0018085361225530505], [0.0021053298842161894, 0.00258382479660213, -0.0027003895957022905], [0.001349474536255002, -0.003375590080395341, -0.002632865449413657], [-6.973108975216746e-05, -0.00044737220741808414, 0.00563355628401041], [-0.0019181687384843826, -0.00319884717464447, -0.001711016520857811], [0.0035146737936884165, -0.00025780266150832176, -0.001616511377505958], [-0.003410251112654805, 0.0003175102174282074, -0.0025228611193597317], [-1.5906258340692148e-05, -0.00015949687804095447, 0.0027179978787899017], [0.00020867027342319489, 0.0026237578131258488, -0.011770371347665787], [0.00017164647579193115, 0.0010612010955810547, -0.01637621968984604], [0.008432334288954735, -0.002950569149106741, 0.008320769295096397], [-0.0027195410802960396, 0.00807165913283825, 0.008984685875475407], [-0.005890067666769028, -0.006750363856554031, 0.007799895480275154]], "symbols": ["Cu", "Cu", "Cu", "Cu", "Cu", "Cu", "Cu", "Cu", "Cu", "Cu", "Cu", "Cu", "Cu", "Cu", "Cu", "Cu", "Cu", "Cu", "Cu", "Cu", "Cu", "Cu", "Cu", "Cu", "Cu", "Cu", "Cu", "Cu", "Cu", "Cu", "Cu", "Cu", "Cu", "Cu", "Cu", "Cu", "O", "C", "H", "H", "H"], "positions": [[-0.0, -0.0, 8.0], [2.55265548, -0.0, 8.0], [5.10531096, 0.0, 8.0], [1.27632774, 2.21066449, 8.0], [3.82898322, 2.21066449, 8.0], [6.3816387, 2.21066449, 8.0], [2.55265548, 4.42132899, 8.0], [5.10531096, 4.42132899, 8.0], [7.65796644, 4.42132899, 8.0], [1.27632774, 0.73688816, 10.08423447], [3.82898322, 0.73688816, 10.08423447], [6.3816387, 0.73688816, 10.08423447], [2.55265548, 2.94755266, 10.08423447], [5.10531096, 2.94755266, 10.08423447], [7.65796644, 2.94755266, 10.08423447], [3.82898322, 5.15821715, 10.08423447], [6.3816387, 5.15821715, 10.08423447], [8.93429418, 5.15821715, 10.08423447], [0.00029431, 1.47571355, 12.19301955], [2.5584291, 1.47691479, 12.21065586], [5.09969322, 1.47718787, 12.21066819], [1.27773913, 3.68321278, 12.19542316], [3.82882694, 3.67785439, 12.21074161], [6.37987022, 3.68383036, 12.19542911], [2.55083188, 5.89437066, 12.19302699], [5.10683551, 5.89385362, 12.19302183], [7.65832154, 5.89693474, 12.19537825], [-8.83e-06, -3.656e-05, 14.30127049], [2.5414601, -0.02243488, 14.31049664], [5.11582798, -0.02166855, 14.31320439], [1.25243505, 2.21233507, 14.3132037], [3.82892063, 2.21005377, 14.32102861], [6.40646934, 2.21213162, 14.31052968], [2.53901451, 4.44197268, 14.31059852], [5.11861691, 4.44101318, 14.31328568], [7.65796656, 4.42129227, 14.31133468], [3.82937463, 2.21409242, 16.18180589], [3.82910304, 2.21035784, 17.58143975], [4.83466329, 1.9995811, 17.97256173], [3.50819526, 3.18542323, 17.97501836], [3.14431964, 1.44370726, 17.97107713]], "cell": [[7.65796644025031, 0.0, 0.0], [3.828983220125155, 6.6319934785854535, 0.0], [0.0, 0.0, 22.252703415323648]], "pbc": [true, true, false]}